{"cameraMode":{"drawMode":0,"name":"Shaded","section":"Shading Mode"},"sceneLighting":true,"audioPlay":false,"sceneViewState":{"m_AlwaysRefresh":false,"showFog":true,"showSkybox":true,"showFlares":true,"showImageEffects":true,"showParticleSystems":true,"showVisualEffectGraphs":true,"m_FxEnabled":true},"in2DMode":false,"pivot":{"x":-0.7156497240066528,"y":0.6410287618637085,"z":-0.009463876485824585},"rotation":{"x":0.25700512528419497,"y":0.3334278166294098,"z":-0.095876544713974,"w":0.9019890427589417},"size":2.094416379928589,"orthographic":true}